{
  "minecraft:recipes/decorations/crafting_table": {
    "criteria": {
      "unlock_right_away": "2024-05-27 18:07:59 +0000"
    },
    "done": true
  },
  "minecraft:adventure/adventuring_time": {
    "criteria": {
      "minecraft:river": "2024-05-27 18:14:57 +0000",
      "minecraft:forest": "2024-05-27 18:08:00 +0000"
    },
    "done": false
  },
  "create:root": {
    "criteria": {
      "0": "2024-05-27 19:07:39 +0000"
    },
    "done": true
  },
  "mowziesmobs:root": {
    "criteria": {
      "custom_test_name": "2024-05-27 19:07:39 +0000"
    },
    "done": true
  },
  "dungeons_arise:wda_root": {
    "criteria": {
      "WDA": "2024-05-27 19:07:39 +0000"
    },
    "done": true
  },
  "farmersdelight:main/root": {
    "criteria": {
      "seeds": "2024-05-27 19:07:39 +0000"
    },
    "done": true
  },
  "DataVersion": 3465
}